pop,time,cum_inc_diff,lcl,ucl
ATE-weighted,1,-0.000020229,-0.000921389,0.0005720247
ATE-weighted,2,0.0003109744,-0.000677407,0.0008072379
ATE-weighted,3,0.0003109744,-0.000677407,0.0008072379
ATE-weighted,4,0.0003109744,-0.000677407,0.0008072379
ATE-weighted,5,0.0004597423,-0.000529575,0.0013008357
ATE-weighted,6,-0.000154096,-0.000969864,0.0009819142
ATE-weighted,7,-7.477317E-6,-0.001905883,0.0008814264
ATE-weighted,8,0.0003957931,-0.0016156,0.0013584777
ATE-weighted,9,0.0001571239,-0.002421776,0.001022934
ATE-weighted,10,0.0006982023,-0.001653536,0.0017496658
ATE-weighted,11,-0.000446973,-0.002208545,0.0012754137
ATE-weighted,12,-0.000627724,-0.002708844,0.0010166083
ATE-weighted,13,-0.001699982,-0.004065977,0.0005300082
ATE-weighted,14,-0.001747277,-0.004775552,0.0001204268
ATE-weighted,15,-0.001479267,-0.004478788,0.0004292069
ATE-weighted,16,-0.002565657,-0.005807604,-0.000337227
ATE-weighted,17,-0.004805017,-0.007827367,-0.002072592
ATE-weighted,18,-0.00538256,-0.008739275,-0.002432419
ATE-weighted,19,-0.00638966,-0.010285521,-0.003316486
ATE-weighted,20,-0.007084602,-0.010612519,-0.003999426
ATE-weighted,21,-0.00793878,-0.011533957,-0.004379892
ATE-weighted,22,-0.008334603,-0.011908956,-0.004510902
ATE-weighted,23,-0.008480048,-0.012442107,-0.004460616
ATE-weighted,24,-0.010207757,-0.014264099,-0.005623157
ATE-weighted,25,-0.011617642,-0.016215593,-0.006454327
ATE-weighted,26,-0.011483255,-0.016224836,-0.007041929
ATE-weighted,27,-0.013561613,-0.019058021,-0.008364765
ATE-weighted,28,-0.014951869,-0.020287257,-0.009292361
ATE-weighted,29,-0.015631828,-0.021473964,-0.010398672
ATE-weighted,30,-0.016780453,-0.023056506,-0.011154375
ATE-weighted,31,-0.017437704,-0.02422854,-0.012203874
ATE-weighted,32,-0.019662742,-0.026383366,-0.014740011
ATE-weighted,33,-0.021330632,-0.027452319,-0.016151105
ATE-weighted,34,-0.021880439,-0.029637783,-0.016169763
ATE-weighted,35,-0.02349541,-0.031436506,-0.017476821
ATE-weighted,36,-0.024871259,-0.032904544,-0.018264412
ATE-weighted,37,-0.025638535,-0.033743512,-0.018549841
ATE-weighted,38,-0.027204649,-0.035215988,-0.019977341
ATE-weighted,39,-0.029161057,-0.037008052,-0.021668776
ATE-weighted,40,-0.030100563,-0.038143604,-0.023264718
ATE-weighted,41,-0.030653587,-0.039423929,-0.023433296
ATE-weighted,42,-0.03131827,-0.040763394,-0.024011037
ATE-weighted,43,-0.032800672,-0.042341524,-0.02359609
ATE-weighted,44,-0.032782495,-0.042428266,-0.023567055
ATE-weighted,45,-0.036243431,-0.045622856,-0.028160377
ATE-weighted,46,-0.037269455,-0.046718773,-0.028131052
ATE-weighted,47,-0.037354383,-0.046307426,-0.029051133
ATE-weighted,48,-0.037578501,-0.047898826,-0.028528854
ATE-weighted,49,-0.038695832,-0.048468048,-0.030336236
ATE-weighted,50,-0.039681725,-0.048992065,-0.030483197
ATE-weighted,51,-0.040588609,-0.051714556,-0.03072556
ATE-weighted,52,-0.041359717,-0.053546203,-0.031872978
ATE-weighted,53,-0.04379121,-0.054896293,-0.033091259
ATE-weighted,54,-0.047474478,-0.057678731,-0.037613227
ATE-weighted,55,-0.048159046,-0.058751369,-0.038550072
ATE-weighted,56,-0.050235123,-0.062192433,-0.040709985
ATE-weighted,57,-0.05080346,-0.063454144,-0.041362548
ATE-weighted,58,-0.053218017,-0.067239605,-0.043520284
ATE-weighted,59,-0.054739481,-0.068631948,-0.044782672
ATE-weighted,60,-0.056448705,-0.069150054,-0.046473181
ATE-weighted,61,-0.058499197,-0.071615842,-0.047324817
ATE-weighted,62,-0.059883002,-0.073634955,-0.048458252
ATE-weighted,63,-0.061328833,-0.075622444,-0.049540175
ATE-weighted,64,-0.063559426,-0.079123351,-0.051888823
ATE-weighted,65,-0.064925696,-0.080542685,-0.053465802
ATE-weighted,66,-0.066083134,-0.082061967,-0.05360557
ATE-weighted,67,-0.068167807,-0.084187658,-0.05520971
ATE-weighted,68,-0.069377411,-0.084601098,-0.056950419
ATE-weighted,69,-0.069900156,-0.086104737,-0.056219349
ATE-weighted,70,-0.073187,-0.089593538,-0.059275383
ATE-weighted,71,-0.07471874,-0.091259377,-0.061137974
ATE-weighted,72,-0.078732914,-0.095435896,-0.063551525
ATE-weighted,73,-0.078939583,-0.095356305,-0.06505618
ATE-weighted,74,-0.081683222,-0.098579127,-0.067549365
ATE-weighted,75,-0.083263769,-0.099047559,-0.069261321
ATE-weighted,76,-0.08657499,-0.102651675,-0.07133729
ATE-weighted,77,-0.088451612,-0.106770186,-0.07366644
ATE-weighted,78,-0.092218473,-0.109581928,-0.076849816
ATE-weighted,79,-0.095348908,-0.113259984,-0.080520294
ATE-weighted,80,-0.099383108,-0.118722555,-0.082949193
ATE-weighted,81,-0.102400119,-0.120199759,-0.086611367
ATE-weighted,82,-0.104244317,-0.12223736,-0.088909527
ATE-weighted,83,-0.106267224,-0.123836504,-0.093271832
ATE-weighted,84,-0.109616504,-0.128112494,-0.097286528
ATE-weighted,85,-0.110673521,-0.129570564,-0.098093122
ATE-weighted,86,-0.114411283,-0.133530539,-0.102816105
ATE-weighted,87,-0.116951963,-0.13617062,-0.104604239
ATE-weighted,88,-0.118681456,-0.137819278,-0.105368531
ATE-weighted,89,-0.118595368,-0.137619805,-0.105177111
ATE-weighted,90,-0.120668512,-0.138281609,-0.107219424
ATE-weighted,91,-0.123834483,-0.14089859,-0.111016055
ATE-weighted,92,-0.124251739,-0.143167016,-0.111121232
ATE-weighted,93,-0.124267079,-0.14350331,-0.110958331
ATE-weighted,94,-0.126194435,-0.144600602,-0.11317571
ATE-weighted,95,-0.128678823,-0.145458547,-0.115734743
ATE-weighted,96,-0.133392414,-0.150446475,-0.11973533
ATE-weighted,97,-0.134481355,-0.152137509,-0.120988618
ATE-weighted,98,-0.137228471,-0.154248912,-0.123856347
ATE-weighted,99,-0.140474138,-0.157492006,-0.127125618
ATE-weighted,100,-0.141781812,-0.158987766,-0.128780822
ATE-weighted,101,-0.142633219,-0.158899633,-0.129590929
ATE-weighted,102,-0.143920754,-0.161449518,-0.130149975
ATE-weighted,103,-0.146701592,-0.165964691,-0.131241143
ATE-weighted,104,-0.148354074,-0.16601333,-0.130775826
ATE-weighted,105,-0.150300935,-0.168969193,-0.132705148
ATE-weighted,106,-0.154581471,-0.172398007,-0.135539662
ATE-weighted,107,-0.154742673,-0.171904301,-0.134932734
ATE-weighted,108,-0.156852218,-0.173578962,-0.136650433
ATE-weighted,109,-0.159135469,-0.176758496,-0.139513168
ATE-weighted,110,-0.161157074,-0.179061442,-0.141233676
ATE-weighted,111,-0.163565753,-0.180379329,-0.142985658
ATE-weighted,112,-0.16514433,-0.182081269,-0.146775611
ATE-weighted,113,-0.16735887,-0.184309189,-0.14621797
ATE-weighted,114,-0.169795773,-0.187010904,-0.149505495
ATE-weighted,115,-0.172797028,-0.189783206,-0.149844837
ATE-weighted,116,-0.172255448,-0.188755015,-0.148724338
ATE-weighted,117,-0.172785039,-0.190763376,-0.150344984
ATE-weighted,118,-0.174739045,-0.191925458,-0.152313203
ATE-weighted,119,-0.176115473,-0.193777852,-0.15285407
ATE-weighted,120,-0.178949499,-0.195198096,-0.155152327
ATE-weighted,121,-0.182256532,-0.199645882,-0.158379924
ATE-weighted,122,-0.185113326,-0.201950428,-0.160519534
ATE-weighted,123,-0.1864402,-0.202460671,-0.162363773
ATE-weighted,124,-0.189618642,-0.206156273,-0.16453513
ATE-weighted,125,-0.191296386,-0.20796524,-0.168728613
ATE-weighted,126,-0.192153126,-0.208942731,-0.170441238
ATE-weighted,127,-0.19296431,-0.210790845,-0.173222158
ATE-weighted,128,-0.193059498,-0.211268266,-0.174749179
ATE-weighted,129,-0.194712062,-0.213641229,-0.175946876
ATE-weighted,130,-0.197143725,-0.214417367,-0.177555511
ATE-weighted,131,-0.199460064,-0.216459419,-0.18164162
ATE-weighted,132,-0.199255136,-0.216199171,-0.180085864
ATE-weighted,133,-0.200376072,-0.2179407,-0.179068535
ATE-weighted,134,-0.201721318,-0.221992535,-0.181259643
ATE-weighted,135,-0.202855705,-0.221587415,-0.182118302
ATE-weighted,136,-0.205471057,-0.224702981,-0.184958479
ATE-weighted,137,-0.2046199,-0.224013794,-0.187456181
ATE-weighted,138,-0.206388735,-0.224298564,-0.188980893
ATE-weighted,139,-0.205879647,-0.223435176,-0.188718293
ATE-weighted,140,-0.208158501,-0.226060062,-0.1876087
ATE-weighted,141,-0.208732456,-0.228436579,-0.187629149
ATE-weighted,142,-0.209634138,-0.229223984,-0.190103375
ATE-weighted,143,-0.211640106,-0.231807722,-0.191276645
ATE-weighted,144,-0.212945082,-0.234452584,-0.193877987
ATE-weighted,145,-0.214561765,-0.234509429,-0.196357437
ATE-weighted,146,-0.217066118,-0.236365747,-0.197895075
ATE-weighted,147,-0.220482356,-0.240106371,-0.200117415
ATE-weighted,148,-0.221080273,-0.239212297,-0.200726112
ATE-weighted,149,-0.22464078,-0.243906679,-0.205332206
ATE-weighted,150,-0.22699781,-0.246205951,-0.208463027
ATE-weighted,151,-0.227132531,-0.24579949,-0.20882119
ATE-weighted,152,-0.22957016,-0.250303242,-0.210232799
ATE-weighted,153,-0.229944688,-0.249739529,-0.21283462
ATE-weighted,154,-0.231039934,-0.251522044,-0.21329662
ATE-weighted,155,-0.232830349,-0.253194929,-0.214971662
ATE-weighted,156,-0.232828811,-0.25281581,-0.215019487
ATE-weighted,157,-0.23550772,-0.253346774,-0.218078652
ATE-weighted,158,-0.235935937,-0.254659579,-0.216535736
ATE-weighted,159,-0.238210095,-0.25690859,-0.219541291
ATE-weighted,160,-0.239916925,-0.257507659,-0.222022939
ATE-weighted,161,-0.241723635,-0.260888282,-0.222492436
ATE-weighted,162,-0.242684938,-0.261972286,-0.223783043
ATE-weighted,163,-0.245936812,-0.266043097,-0.227460363
ATE-weighted,164,-0.247364315,-0.267798542,-0.228442054
ATE-weighted,165,-0.247069551,-0.266127369,-0.228901276
ATE-weighted,166,-0.247164872,-0.26727597,-0.229221308
ATE-weighted,167,-0.248203402,-0.266760147,-0.23116731
ATE-weighted,168,-0.24921819,-0.267721392,-0.231210663
ATE-weighted,169,-0.25091622,-0.268523691,-0.233122143
ATE-weighted,170,-0.25217882,-0.270487255,-0.234860251
ATE-weighted,171,-0.252506064,-0.270546554,-0.233999823
ATE-weighted,172,-0.253464593,-0.271656242,-0.234404477
ATE-weighted,173,-0.253304657,-0.270609192,-0.234822723
ATE-weighted,174,-0.253225446,-0.27059239,-0.234553243
ATE-weighted,175,-0.254838735,-0.271744357,-0.235850418
ATE-weighted,176,-0.254792255,-0.270447852,-0.233732617
ATE-weighted,177,-0.256838705,-0.273396484,-0.236162087
ATE-weighted,178,-0.2566897,-0.272098778,-0.23668492
ATE-weighted,179,-0.255221567,-0.271611804,-0.236721541
ATE-weighted,180,-0.254278826,-0.271221431,-0.237900706
ATE-weighted,181,-0.256420701,-0.272511902,-0.238829416
ATE-weighted,182,-0.254322065,-0.270630725,-0.237604079
ATE-weighted,183,-0.253932673,-0.270750465,-0.235767335
ATE-weighted,184,-0.254310231,-0.270888559,-0.235941313
ATE-weighted,185,-0.254120549,-0.271085056,-0.236270128
ATE-weighted,186,-0.254957343,-0.272489404,-0.237233774
ATE-weighted,187,-0.255313702,-0.273340099,-0.23568076
ATE-weighted,188,-0.257787513,-0.275904421,-0.237194885
ATE-weighted,189,-0.258407395,-0.276386326,-0.239544144
ATE-weighted,190,-0.257592894,-0.276657898,-0.238246003
ATE-weighted,191,-0.259279891,-0.27847083,-0.242266659
ATE-weighted,192,-0.259592412,-0.278962371,-0.242497378
ATE-weighted,193,-0.260532278,-0.278644032,-0.242722521
ATE-weighted,194,-0.261163384,-0.278245043,-0.242611323
ATE-weighted,195,-0.26206653,-0.278922987,-0.244241627
ATE-weighted,196,-0.262857211,-0.280214797,-0.244465765
ATE-weighted,197,-0.263576447,-0.281831811,-0.245419204
ATE-weighted,198,-0.264722644,-0.282625362,-0.24578995
ATE-weighted,199,-0.266653766,-0.284234461,-0.248623994
ATE-weighted,200,-0.267194848,-0.282918695,-0.248742787
ATE-weighted,201,-0.267135039,-0.282460789,-0.249802035
ATE-weighted,202,-0.266346063,-0.282106843,-0.247464061
ATE-weighted,203,-0.266701132,-0.282429082,-0.248183308
ATE-weighted,204,-0.265669586,-0.281323661,-0.246964336
ATE-weighted,205,-0.26482682,-0.28002777,-0.246197394
ATE-weighted,206,-0.26593071,-0.281413364,-0.24663944
ATE-weighted,207,-0.264896092,-0.28088131,-0.245673885
ATE-weighted,208,-0.264196325,-0.279638311,-0.246292604
ATE-weighted,209,-0.26532456,-0.281737801,-0.247856959
ATE-weighted,210,-0.26573894,-0.282321689,-0.248657013
ATE-weighted,211,-0.264119841,-0.280461709,-0.246029632
ATE-weighted,212,-0.263467073,-0.280618797,-0.245955233
ATE-weighted,213,-0.265115423,-0.282311659,-0.247860658
ATE-weighted,214,-0.26417212,-0.280290448,-0.246165182
ATE-weighted,215,-0.26466665,-0.280987938,-0.246846123
ATE-weighted,216,-0.264122717,-0.28064274,-0.245546012
ATE-weighted,217,-0.262317737,-0.279607716,-0.243246912
ATE-weighted,218,-0.26303208,-0.280351939,-0.244136985
ATE-weighted,219,-0.26188135,-0.279223412,-0.244454977
ATE-weighted,220,-0.2619002,-0.278611453,-0.244979423
ATE-weighted,221,-0.262395982,-0.278802509,-0.244798793
ATE-weighted,222,-0.262835172,-0.27893346,-0.244155574
ATE-weighted,223,-0.263643009,-0.280187178,-0.245901959
ATE-weighted,224,-0.262507536,-0.278515309,-0.24390642
ATE-weighted,225,-0.260638092,-0.276682107,-0.240382028
ATE-weighted,226,-0.260204217,-0.275928054,-0.240939479
ATE-weighted,227,-0.259016921,-0.275648465,-0.239798223
ATE-weighted,228,-0.259755616,-0.275693075,-0.240411469
ATE-weighted,229,-0.259433078,-0.274477817,-0.241461604
ATE-weighted,230,-0.25928724,-0.274282195,-0.24131362
ATE-weighted,231,-0.257598933,-0.273963513,-0.240815093
ATE-weighted,232,-0.256576479,-0.272649285,-0.23998071
ATE-weighted,233,-0.255760216,-0.27102884,-0.239482575
ATE-weighted,234,-0.254421281,-0.269074161,-0.239169504
ATE-weighted,235,-0.255164663,-0.270198693,-0.239947902
ATE-weighted,236,-0.255032986,-0.268668592,-0.239142068
ATE-weighted,237,-0.255147932,-0.270244242,-0.239114099
ATE-weighted,238,-0.25377919,-0.268452722,-0.237261676
ATE-weighted,239,-0.253615826,-0.268679243,-0.236916754
ATE-weighted,240,-0.252191903,-0.266632693,-0.235459712
ATE-weighted,241,-0.251139298,-0.266213603,-0.234315576
ATE-weighted,242,-0.250813947,-0.266003362,-0.234316889
ATE-weighted,243,-0.249120099,-0.264838963,-0.232858449
ATE-weighted,244,-0.248714959,-0.263648746,-0.232203037
ATE-weighted,245,-0.248330641,-0.264378848,-0.230511357
ATE-weighted,246,-0.246756501,-0.263007466,-0.229439479
ATE-weighted,247,-0.246405465,-0.261395261,-0.229485431
ATE-weighted,248,-0.245648162,-0.260388036,-0.229214452
ATE-weighted,249,-0.244794024,-0.259523543,-0.228431264
ATE-weighted,250,-0.244292339,-0.258918398,-0.228379383
ATE-weighted,251,-0.24402675,-0.259195524,-0.228462896
ATE-weighted,252,-0.244097819,-0.259775115,-0.228535241
ATE-weighted,253,-0.244221393,-0.257853674,-0.227106142
ATE-weighted,254,-0.24186864,-0.256483677,-0.225239981
ATE-weighted,255,-0.241743572,-0.256936726,-0.22469776
ATE-weighted,256,-0.24164223,-0.256745755,-0.22502049
ATE-weighted,257,-0.240520819,-0.256048309,-0.223471963
ATE-weighted,258,-0.239046458,-0.254292711,-0.223069521
ATE-weighted,259,-0.237573423,-0.252401019,-0.222600058
ATE-weighted,260,-0.237866258,-0.252856937,-0.221441475
ATE-weighted,261,-0.238825465,-0.251589107,-0.223689224
ATE-weighted,262,-0.238021291,-0.253239511,-0.222935823
ATE-weighted,263,-0.236563449,-0.251361496,-0.221125775
ATE-weighted,264,-0.235537444,-0.250403255,-0.220448864
ATE-weighted,265,-0.234822827,-0.249775115,-0.219903575
ATE-weighted,266,-0.233519026,-0.248549338,-0.218799311
ATE-weighted,267,-0.233984521,-0.247925789,-0.219350201
ATE-weighted,268,-0.232524904,-0.246795552,-0.216300859
ATE-weighted,269,-0.231092828,-0.245438882,-0.214493189
ATE-weighted,270,-0.228774051,-0.242522361,-0.213389896
ATE-weighted,271,-0.228431136,-0.24205829,-0.212168558
ATE-weighted,272,-0.228666426,-0.241783972,-0.21120886
ATE-weighted,273,-0.228947092,-0.242868875,-0.212653215
ATE-weighted,274,-0.229624009,-0.243978769,-0.214199314
ATE-weighted,275,-0.226873987,-0.241617893,-0.212587565
ATE-weighted,276,-0.227278695,-0.240838501,-0.212760764
ATE-weighted,277,-0.227834151,-0.241633515,-0.212369516
ATE-weighted,278,-0.226804254,-0.240948654,-0.211880979
ATE-weighted,279,-0.226092795,-0.239829291,-0.210633038
ATE-weighted,280,-0.224588333,-0.2396043,-0.209322336
ATE-weighted,281,-0.22549542,-0.24028606,-0.209467713
ATE-weighted,282,-0.224499955,-0.240747067,-0.209047943
ATE-weighted,283,-0.224352092,-0.240437639,-0.208479442
ATE-weighted,284,-0.222951586,-0.237374545,-0.20671147
ATE-weighted,285,-0.221525132,-0.236216242,-0.204228761
ATE-weighted,286,-0.221028749,-0.235344901,-0.204926534
ATE-weighted,287,-0.219433839,-0.232961731,-0.203029356
ATE-weighted,288,-0.219578502,-0.233465829,-0.202095404
ATE-weighted,289,-0.218736454,-0.233056285,-0.201366007
ATE-weighted,290,-0.218577943,-0.231702587,-0.202002656
ATE-weighted,291,-0.217678125,-0.230719519,-0.202075437
ATE-weighted,292,-0.219047831,-0.232239562,-0.203226224
ATE-weighted,293,-0.218214549,-0.231627698,-0.202589807
ATE-weighted,294,-0.216964517,-0.23081447,-0.200614012
ATE-weighted,295,-0.217949779,-0.230537025,-0.202210044
ATE-weighted,296,-0.217265317,-0.231135533,-0.201344249
ATE-weighted,297,-0.215541071,-0.228924306,-0.201106832
ATE-weighted,298,-0.214355828,-0.227785337,-0.199898417
ATE-weighted,299,-0.213606015,-0.227457153,-0.199254912
ATE-weighted,300,-0.212955185,-0.226173699,-0.197571675
ATE-weighted,301,-0.21217319,-0.226431881,-0.196966838
ATE-weighted,302,-0.21148604,-0.225224783,-0.196489093
ATE-weighted,303,-0.210605921,-0.225213413,-0.196718323
ATE-weighted,304,-0.210583363,-0.224702814,-0.196639066
ATE-weighted,305,-0.210763953,-0.22535216,-0.196869897
ATE-weighted,306,-0.209760917,-0.225278093,-0.195475673
ATE-weighted,307,-0.20877959,-0.224586302,-0.194782826
ATE-weighted,308,-0.208054293,-0.223054611,-0.193764342
ATE-weighted,309,-0.206384022,-0.221212339,-0.19298896
ATE-weighted,310,-0.206163078,-0.220822902,-0.192618023
ATE-weighted,311,-0.205203153,-0.219884946,-0.192712721
ATE-weighted,312,-0.205391663,-0.219750335,-0.193209749
ATE-weighted,313,-0.205336546,-0.221415373,-0.19430916
ATE-weighted,314,-0.204600455,-0.220773811,-0.192446543
ATE-weighted,315,-0.203536233,-0.21806597,-0.191767498
ATE-weighted,316,-0.201539319,-0.215175992,-0.189465584
ATE-weighted,317,-0.200476174,-0.214383323,-0.188492782
ATE-weighted,318,-0.200270914,-0.213470471,-0.188234784
ATE-weighted,319,-0.198809393,-0.212519443,-0.186235985
ATE-weighted,320,-0.197988188,-0.212059823,-0.185074397
ATE-weighted,321,-0.198478549,-0.212425178,-0.185174069
ATE-weighted,322,-0.197297056,-0.211672014,-0.182851603
ATE-weighted,323,-0.19410662,-0.209549228,-0.181483096
ATE-weighted,324,-0.194880136,-0.209636877,-0.181012769
ATE-weighted,325,-0.194462807,-0.208615523,-0.181131246
ATE-weighted,326,-0.193991239,-0.20860251,-0.180353648
ATE-weighted,327,-0.193298486,-0.207562724,-0.179820272
ATE-weighted,328,-0.1925657,-0.2065221,-0.17835015
ATE-weighted,329,-0.191740275,-0.20612549,-0.177283152
ATE-weighted,330,-0.190550485,-0.204874801,-0.175925682
ATE-weighted,331,-0.190317568,-0.204871069,-0.175595833
ATE-weighted,332,-0.189708588,-0.204274282,-0.174488708
ATE-weighted,333,-0.188874222,-0.203927871,-0.17407737
ATE-weighted,334,-0.188292713,-0.203871902,-0.17188978
ATE-weighted,335,-0.188078956,-0.202697261,-0.172539574
ATE-weighted,336,-0.187454609,-0.202883421,-0.169905983
ATE-weighted,337,-0.185706246,-0.200259546,-0.169300847
ATE-weighted,338,-0.184582319,-0.199172399,-0.168722549
ATE-weighted,339,-0.183428309,-0.198179761,-0.167482493
ATE-weighted,340,-0.181865383,-0.195463614,-0.166747662
ATE-weighted,341,-0.181487944,-0.195852043,-0.166532894
ATE-weighted,342,-0.181085484,-0.195870688,-0.165418261
ATE-weighted,343,-0.179719575,-0.195188855,-0.162635194
ATE-weighted,344,-0.179985181,-0.194535498,-0.163198833
ATE-weighted,345,-0.179019449,-0.194560642,-0.163242442
ATE-weighted,346,-0.17748829,-0.192165227,-0.1621595
ATE-weighted,347,-0.176484769,-0.192126662,-0.161328492
ATE-weighted,348,-0.175729197,-0.191115571,-0.161304066
ATE-weighted,349,-0.17436202,-0.189228485,-0.158678253
ATE-weighted,350,-0.172374718,-0.18724084,-0.156256972
ATE-weighted,351,-0.171574415,-0.185239559,-0.155449954
ATE-weighted,352,-0.171239823,-0.184693031,-0.155158557
ATE-weighted,353,-0.169159596,-0.18268465,-0.153598271
ATE-weighted,354,-0.167982462,-0.181869893,-0.153477239
ATE-weighted,355,-0.16663465,-0.180333982,-0.151421213
ATE-weighted,356,-0.166581373,-0.181291303,-0.151693608
ATE-weighted,357,-0.16626166,-0.1815339,-0.152222965
ATE-weighted,358,-0.16448565,-0.178980345,-0.150784942
ATE-weighted,359,-0.165243169,-0.17965484,-0.152120567
ATE-weighted,360,-0.164166755,-0.179525397,-0.150797755
ATE-weighted,361,-0.162250215,-0.176797595,-0.14892348
ATE-weighted,362,-0.160870591,-0.175544749,-0.147973259
ATE-weighted,363,-0.159121472,-0.174066724,-0.145352703
ATE-weighted,364,-0.157689925,-0.172005886,-0.144770301
ATE-weighted,365,-0.157160431,-0.171387682,-0.144278543
ATT-weighted,1,0.0000597124,-0.000903233,0.0008451037
ATT-weighted,2,0.0004589937,-0.000642186,0.0010730837
ATT-weighted,3,0.0004589937,-0.000642186,0.0010730837
ATT-weighted,4,0.0004589937,-0.000642186,0.0010730837
ATT-weighted,5,0.0006586343,-0.000407713,0.0016437636
ATT-weighted,6,0.000032072,-0.000763282,0.0013170152
ATT-weighted,7,0.000280846,-0.001830067,0.0012917619
ATT-weighted,8,0.0006801273,-0.001397808,0.00171974
ATT-weighted,9,0.0004032487,-0.002416298,0.0014546665
ATT-weighted,10,0.0010021707,-0.001662027,0.00224464
ATT-weighted,11,-0.000181836,-0.002051508,0.0017354586
ATT-weighted,12,-0.000279014,-0.002387125,0.0014008944
ATT-weighted,13,-0.001505457,-0.003947728,0.0008601368
ATT-weighted,14,-0.001422492,-0.004508891,0.0007641384
ATT-weighted,15,-0.001119752,-0.004394483,0.0010358467
ATT-weighted,16,-0.001987288,-0.005527701,0.0005015956
ATT-weighted,17,-0.004986621,-0.008933324,-0.001829413
ATT-weighted,18,-0.005708467,-0.009831494,-0.002308712
ATT-weighted,19,-0.006773581,-0.011650818,-0.003355426
ATT-weighted,20,-0.007896564,-0.012092586,-0.004429509
ATT-weighted,21,-0.008809198,-0.013127502,-0.004720487
ATT-weighted,22,-0.009240725,-0.013891993,-0.004753649
ATT-weighted,23,-0.009359203,-0.014306993,-0.004832747
ATT-weighted,24,-0.011206189,-0.016376647,-0.005632706
ATT-weighted,25,-0.013081398,-0.018674267,-0.00705244
ATT-weighted,26,-0.012995791,-0.018303918,-0.0068016
ATT-weighted,27,-0.015047199,-0.021285682,-0.008374019
ATT-weighted,28,-0.016424797,-0.022225671,-0.010088807
ATT-weighted,29,-0.01765942,-0.023918404,-0.011215264
ATT-weighted,30,-0.018672756,-0.025405742,-0.012096016
ATT-weighted,31,-0.019509225,-0.026707368,-0.012914773
ATT-weighted,32,-0.022585731,-0.030682673,-0.015726384
ATT-weighted,33,-0.024796876,-0.0322889,-0.017681984
ATT-weighted,34,-0.025352207,-0.033974639,-0.018262312
ATT-weighted,35,-0.027087134,-0.036170449,-0.019685298
ATT-weighted,36,-0.02878962,-0.037868304,-0.020887141
ATT-weighted,37,-0.02973991,-0.039293169,-0.020940903
ATT-weighted,38,-0.031238507,-0.040470867,-0.022251965
ATT-weighted,39,-0.033111079,-0.04263065,-0.024367962
ATT-weighted,40,-0.034386897,-0.043962899,-0.026181385
ATT-weighted,41,-0.034790636,-0.045338418,-0.025467079
ATT-weighted,42,-0.035164069,-0.04597591,-0.026307029
ATT-weighted,43,-0.036963461,-0.04801731,-0.026981877
ATT-weighted,44,-0.037063136,-0.049469745,-0.026807937
ATT-weighted,45,-0.040871383,-0.05145232,-0.030108871
ATT-weighted,46,-0.041844146,-0.053209332,-0.031195828
ATT-weighted,47,-0.042097859,-0.052685748,-0.032283907
ATT-weighted,48,-0.042140474,-0.053563671,-0.031682551
ATT-weighted,49,-0.043116303,-0.054673773,-0.03213795
ATT-weighted,50,-0.043882348,-0.055457013,-0.032959099
ATT-weighted,51,-0.044834283,-0.05850015,-0.033256545
ATT-weighted,52,-0.045478283,-0.059017821,-0.034521747
ATT-weighted,53,-0.04883526,-0.062697248,-0.03580115
ATT-weighted,54,-0.053138035,-0.065553915,-0.041206299
ATT-weighted,55,-0.053974583,-0.067564047,-0.041966414
ATT-weighted,56,-0.056384934,-0.070495005,-0.044524955
ATT-weighted,57,-0.057060817,-0.070695178,-0.045075768
ATT-weighted,58,-0.059378357,-0.074050671,-0.047957917
ATT-weighted,59,-0.060913161,-0.074968699,-0.048167767
ATT-weighted,60,-0.062782848,-0.076712607,-0.050172729
ATT-weighted,61,-0.06462367,-0.079770536,-0.052140539
ATT-weighted,62,-0.06647581,-0.082771984,-0.054250239
ATT-weighted,63,-0.067868883,-0.084911086,-0.054763373
ATT-weighted,64,-0.070220536,-0.086601102,-0.056278455
ATT-weighted,65,-0.071582564,-0.089478499,-0.058270593
ATT-weighted,66,-0.072906697,-0.090086018,-0.05886641
ATT-weighted,67,-0.074991771,-0.093044951,-0.059886527
ATT-weighted,68,-0.076206604,-0.093963182,-0.061495507
ATT-weighted,69,-0.077089895,-0.094874901,-0.061739146
ATT-weighted,70,-0.081008484,-0.099772867,-0.066153809
ATT-weighted,71,-0.082525112,-0.100901785,-0.066908707
ATT-weighted,72,-0.08725366,-0.106068219,-0.071377846
ATT-weighted,73,-0.087727126,-0.106290716,-0.073702415
ATT-weighted,74,-0.09099468,-0.110199323,-0.076700651
ATT-weighted,75,-0.092745791,-0.112246098,-0.079245621
ATT-weighted,76,-0.096308547,-0.115768426,-0.081802949
ATT-weighted,77,-0.098259546,-0.119972256,-0.082466644
ATT-weighted,78,-0.102548639,-0.123040864,-0.087544687
ATT-weighted,79,-0.105642856,-0.126669046,-0.091389645
ATT-weighted,80,-0.110167406,-0.133062932,-0.093049757
ATT-weighted,81,-0.112756255,-0.134293663,-0.096507744
ATT-weighted,82,-0.115019223,-0.136887755,-0.099052255
ATT-weighted,83,-0.117648743,-0.138939574,-0.103744844
ATT-weighted,84,-0.121314706,-0.143762898,-0.107584945
ATT-weighted,85,-0.122889302,-0.145383996,-0.10884798
ATT-weighted,86,-0.126892248,-0.150839809,-0.113757528
ATT-weighted,87,-0.129309986,-0.152040222,-0.117179015
ATT-weighted,88,-0.131099039,-0.153923542,-0.116839812
ATT-weighted,89,-0.13089791,-0.150933533,-0.117535438
ATT-weighted,90,-0.133005441,-0.153570347,-0.120625667
ATT-weighted,91,-0.13664522,-0.156576681,-0.123401169
ATT-weighted,92,-0.136785943,-0.158631033,-0.122758234
ATT-weighted,93,-0.136478612,-0.158767852,-0.122646798
ATT-weighted,94,-0.137905103,-0.159236311,-0.12474529
ATT-weighted,95,-0.140443037,-0.159840713,-0.126287808
ATT-weighted,96,-0.145977426,-0.165135731,-0.132273227
ATT-weighted,97,-0.146721892,-0.166131056,-0.132641371
ATT-weighted,98,-0.150012332,-0.169025773,-0.135770179
ATT-weighted,99,-0.153831866,-0.172102149,-0.139849531
ATT-weighted,100,-0.155632073,-0.174122054,-0.142262105
ATT-weighted,101,-0.156424973,-0.174131319,-0.142467093
ATT-weighted,102,-0.157479266,-0.176637862,-0.143359249
ATT-weighted,103,-0.160523015,-0.182165929,-0.145563915
ATT-weighted,104,-0.161896727,-0.181836763,-0.145456589
ATT-weighted,105,-0.16364703,-0.183152226,-0.146983274
ATT-weighted,106,-0.167820226,-0.186722123,-0.151648032
ATT-weighted,107,-0.168189859,-0.186839903,-0.150156228
ATT-weighted,108,-0.170395205,-0.187155487,-0.153196278
ATT-weighted,109,-0.172836741,-0.191380902,-0.15690399
ATT-weighted,110,-0.175092363,-0.194297612,-0.157342041
ATT-weighted,111,-0.177450789,-0.197055523,-0.159457694
ATT-weighted,112,-0.178724823,-0.19809617,-0.160371617
ATT-weighted,113,-0.18146013,-0.19982283,-0.159957741
ATT-weighted,114,-0.184019292,-0.201841261,-0.163467315
ATT-weighted,115,-0.187601003,-0.205899926,-0.163839312
ATT-weighted,116,-0.187079394,-0.205441255,-0.162768678
ATT-weighted,117,-0.187354845,-0.206987957,-0.163995621
ATT-weighted,118,-0.18920831,-0.208473611,-0.165583163
ATT-weighted,119,-0.190556594,-0.210608078,-0.166788628
ATT-weighted,120,-0.193890552,-0.212033921,-0.169722447
ATT-weighted,121,-0.196944115,-0.215782694,-0.173004346
ATT-weighted,122,-0.20030193,-0.21747654,-0.176050134
ATT-weighted,123,-0.201591266,-0.219517304,-0.177870445
ATT-weighted,124,-0.204652382,-0.22317031,-0.179877293
ATT-weighted,125,-0.20689964,-0.225576616,-0.181504164
ATT-weighted,126,-0.2075104,-0.225863465,-0.181049248
ATT-weighted,127,-0.207913336,-0.22764949,-0.183722284
ATT-weighted,128,-0.207887556,-0.226174562,-0.184889878
ATT-weighted,129,-0.20911267,-0.228740022,-0.185418334
ATT-weighted,130,-0.211191493,-0.232712259,-0.187009206
ATT-weighted,131,-0.213289163,-0.234145454,-0.190821355
ATT-weighted,132,-0.212990409,-0.234820665,-0.189315646
ATT-weighted,133,-0.213890409,-0.23584717,-0.188179987
ATT-weighted,134,-0.215321801,-0.236422204,-0.191123791
ATT-weighted,135,-0.216221237,-0.236155732,-0.19165402
ATT-weighted,136,-0.218625107,-0.238290614,-0.194219199
ATT-weighted,137,-0.217799956,-0.237634634,-0.196821081
ATT-weighted,138,-0.219205613,-0.238571904,-0.199693578
ATT-weighted,139,-0.218191765,-0.236544827,-0.198869826
ATT-weighted,140,-0.221225114,-0.239813968,-0.199530556
ATT-weighted,141,-0.221203755,-0.241305019,-0.200404075
ATT-weighted,142,-0.221886612,-0.242261193,-0.200088062
ATT-weighted,143,-0.223666112,-0.244151918,-0.201174748
ATT-weighted,144,-0.22470753,-0.246555348,-0.202787376
ATT-weighted,145,-0.226487124,-0.24710911,-0.205656871
ATT-weighted,146,-0.2291465,-0.248255996,-0.207057594
ATT-weighted,147,-0.232305795,-0.251738855,-0.211768734
ATT-weighted,148,-0.232458868,-0.250275683,-0.212422518
ATT-weighted,149,-0.236092661,-0.254932091,-0.215845599
ATT-weighted,150,-0.238227505,-0.25797127,-0.218497409
ATT-weighted,151,-0.238107918,-0.257391209,-0.219433116
ATT-weighted,152,-0.240962488,-0.261998866,-0.219522713
ATT-weighted,153,-0.241265938,-0.261929663,-0.222051293
ATT-weighted,154,-0.242106501,-0.263268425,-0.222506984
ATT-weighted,155,-0.244462412,-0.265172532,-0.224514626
ATT-weighted,156,-0.24409245,-0.263524205,-0.224337699
ATT-weighted,157,-0.246390314,-0.264045927,-0.225873186
ATT-weighted,158,-0.246561072,-0.266956064,-0.225784176
ATT-weighted,159,-0.248699542,-0.267787606,-0.228472182
ATT-weighted,160,-0.250874843,-0.26954641,-0.231407536
ATT-weighted,161,-0.25248114,-0.269989637,-0.231512577
ATT-weighted,162,-0.253565374,-0.272484312,-0.232966091
ATT-weighted,163,-0.256446465,-0.275222538,-0.235647437
ATT-weighted,164,-0.257782794,-0.276698092,-0.237147174
ATT-weighted,165,-0.257122493,-0.27628444,-0.236739203
ATT-weighted,166,-0.257185183,-0.276185593,-0.237375508
ATT-weighted,167,-0.257910544,-0.275862974,-0.239467633
ATT-weighted,168,-0.259078278,-0.277437794,-0.239736915
ATT-weighted,169,-0.260758438,-0.278026522,-0.24139253
ATT-weighted,170,-0.261498977,-0.278778142,-0.242936252
ATT-weighted,171,-0.26127227,-0.278774029,-0.242461863
ATT-weighted,172,-0.262458384,-0.279897894,-0.243243038
ATT-weighted,173,-0.262412859,-0.280091614,-0.242128468
ATT-weighted,174,-0.262084016,-0.27990441,-0.242113358
ATT-weighted,175,-0.263682018,-0.280551055,-0.243384091
ATT-weighted,176,-0.263311911,-0.278709203,-0.2441268
ATT-weighted,177,-0.26525265,-0.281251731,-0.246274066
ATT-weighted,178,-0.264556412,-0.280817368,-0.245531326
ATT-weighted,179,-0.262661527,-0.279049533,-0.243387812
ATT-weighted,180,-0.26180016,-0.278112226,-0.243965276
ATT-weighted,181,-0.263843768,-0.27953825,-0.246403967
ATT-weighted,182,-0.261454874,-0.277422555,-0.243209124
ATT-weighted,183,-0.261159709,-0.276719327,-0.241448037
ATT-weighted,184,-0.261554921,-0.277441497,-0.241681873
ATT-weighted,185,-0.261377222,-0.277096277,-0.241035692
ATT-weighted,186,-0.262015408,-0.278501886,-0.241889873
ATT-weighted,187,-0.261857131,-0.278810412,-0.240549339
ATT-weighted,188,-0.263884454,-0.279856442,-0.243405354
ATT-weighted,189,-0.264475972,-0.280596963,-0.245516255
ATT-weighted,190,-0.262826474,-0.279460299,-0.243614609
ATT-weighted,191,-0.264221915,-0.280027558,-0.245287389
ATT-weighted,192,-0.264389618,-0.279712837,-0.246123945
ATT-weighted,193,-0.265270101,-0.280277658,-0.247110938
ATT-weighted,194,-0.265594982,-0.280479467,-0.245576545
ATT-weighted,195,-0.266685239,-0.283347415,-0.244933967
ATT-weighted,196,-0.267418961,-0.283101906,-0.246256095
ATT-weighted,197,-0.267931359,-0.283311982,-0.246881955
ATT-weighted,198,-0.268920863,-0.285801048,-0.250016905
ATT-weighted,199,-0.270598983,-0.287541891,-0.250157754
ATT-weighted,200,-0.270897585,-0.286358093,-0.25130649
ATT-weighted,201,-0.270587072,-0.287400326,-0.251605316
ATT-weighted,202,-0.269310244,-0.285884801,-0.249904026
ATT-weighted,203,-0.269569887,-0.285344776,-0.249857412
ATT-weighted,204,-0.268246496,-0.284187563,-0.248746756
ATT-weighted,205,-0.267246015,-0.281900518,-0.248477045
ATT-weighted,206,-0.268310214,-0.28339774,-0.248666604
ATT-weighted,207,-0.267019031,-0.282591017,-0.247869065
ATT-weighted,208,-0.265973339,-0.281547063,-0.246759385
ATT-weighted,209,-0.266802913,-0.283201111,-0.246920383
ATT-weighted,210,-0.266873904,-0.283762626,-0.249412058
ATT-weighted,211,-0.264518827,-0.281483693,-0.247173691
ATT-weighted,212,-0.263667208,-0.279969409,-0.246479926
ATT-weighted,213,-0.264935027,-0.281878328,-0.24766
ATT-weighted,214,-0.26405755,-0.280603682,-0.247169534
ATT-weighted,215,-0.264141081,-0.280729232,-0.24679714
ATT-weighted,216,-0.263236045,-0.279962981,-0.244798736
ATT-weighted,217,-0.260911568,-0.278101178,-0.242727472
ATT-weighted,218,-0.261698105,-0.278712599,-0.24272037
ATT-weighted,219,-0.260616214,-0.27749858,-0.242647395
ATT-weighted,220,-0.260378678,-0.277163057,-0.241737418
ATT-weighted,221,-0.260979356,-0.277147503,-0.242162985
ATT-weighted,222,-0.260868881,-0.276506944,-0.241700665
ATT-weighted,223,-0.26131706,-0.277329425,-0.241741915
ATT-weighted,224,-0.259900109,-0.276125732,-0.240411395
ATT-weighted,225,-0.258059509,-0.272760001,-0.238320112
ATT-weighted,226,-0.257340298,-0.272562921,-0.238462728
ATT-weighted,227,-0.256164562,-0.272220473,-0.23653273
ATT-weighted,228,-0.25677673,-0.271809645,-0.237466498
ATT-weighted,229,-0.256177742,-0.270368182,-0.238211284
ATT-weighted,230,-0.255683396,-0.269501688,-0.237441625
ATT-weighted,231,-0.253638357,-0.268110065,-0.234884473
ATT-weighted,232,-0.252371156,-0.26665143,-0.234361987
ATT-weighted,233,-0.251158171,-0.264862493,-0.23308026
ATT-weighted,234,-0.250035941,-0.263604537,-0.234122063
ATT-weighted,235,-0.250211235,-0.264310887,-0.234050144
ATT-weighted,236,-0.249912967,-0.262470987,-0.233494683
ATT-weighted,237,-0.249737322,-0.263745239,-0.233971261
ATT-weighted,238,-0.248431199,-0.263351671,-0.233118278
ATT-weighted,239,-0.248165195,-0.263176471,-0.232010769
ATT-weighted,240,-0.246498753,-0.261211589,-0.231231287
ATT-weighted,241,-0.245191755,-0.259622219,-0.229500607
ATT-weighted,242,-0.244747522,-0.259526804,-0.228267175
ATT-weighted,243,-0.242657222,-0.257221103,-0.225761754
ATT-weighted,244,-0.242249268,-0.256721689,-0.225711009
ATT-weighted,245,-0.241493872,-0.256851768,-0.22538629
ATT-weighted,246,-0.239499548,-0.254637251,-0.224051906
ATT-weighted,247,-0.238775041,-0.252764354,-0.223598784
ATT-weighted,248,-0.237929839,-0.25180513,-0.223056529
ATT-weighted,249,-0.236917006,-0.25090658,-0.222084951
ATT-weighted,250,-0.235966395,-0.250364024,-0.221582985
ATT-weighted,251,-0.235730701,-0.25029479,-0.221744248
ATT-weighted,252,-0.235510957,-0.250196172,-0.221728199
ATT-weighted,253,-0.235530251,-0.248793674,-0.221153695
ATT-weighted,254,-0.233028172,-0.247606685,-0.21875878
ATT-weighted,255,-0.233006248,-0.247294526,-0.217788639
ATT-weighted,256,-0.232841517,-0.246936885,-0.218089808
ATT-weighted,257,-0.231698671,-0.245952923,-0.21692342
ATT-weighted,258,-0.229709446,-0.243200281,-0.215590236
ATT-weighted,259,-0.228266244,-0.241201821,-0.214602949
ATT-weighted,260,-0.228549045,-0.241174437,-0.214063457
ATT-weighted,261,-0.229471441,-0.242064429,-0.214758117
ATT-weighted,262,-0.228766504,-0.241676628,-0.214582618
ATT-weighted,263,-0.226924314,-0.241429924,-0.212142842
ATT-weighted,264,-0.225718295,-0.240816792,-0.212399417
ATT-weighted,265,-0.224962695,-0.240171021,-0.210244978
ATT-weighted,266,-0.223363727,-0.237723076,-0.208482097
ATT-weighted,267,-0.223789273,-0.238365101,-0.209796483
ATT-weighted,268,-0.222240655,-0.236019468,-0.207816862
ATT-weighted,269,-0.220777826,-0.234986841,-0.20579854
ATT-weighted,270,-0.218478643,-0.232476518,-0.20452878
ATT-weighted,271,-0.217979127,-0.231687656,-0.203138105
ATT-weighted,272,-0.217775669,-0.231520267,-0.202034186
ATT-weighted,273,-0.217888978,-0.231117345,-0.203207542
ATT-weighted,274,-0.218540362,-0.231772928,-0.204295876
ATT-weighted,275,-0.215823984,-0.229352207,-0.202241297
ATT-weighted,276,-0.2161816,-0.228416905,-0.202260343
ATT-weighted,277,-0.216734049,-0.228936666,-0.202280676
ATT-weighted,278,-0.215607425,-0.228073448,-0.201575756
ATT-weighted,279,-0.214506458,-0.226753676,-0.200581262
ATT-weighted,280,-0.212643907,-0.225753822,-0.198752129
ATT-weighted,281,-0.213281259,-0.226082797,-0.19978085
ATT-weighted,282,-0.212217482,-0.224373332,-0.198195183
ATT-weighted,283,-0.211618352,-0.223964015,-0.196863356
ATT-weighted,284,-0.210407592,-0.22280158,-0.195435784
ATT-weighted,285,-0.208831327,-0.220916126,-0.193422103
ATT-weighted,286,-0.208338036,-0.219599601,-0.192633815
ATT-weighted,287,-0.206596504,-0.219043254,-0.191903953
ATT-weighted,288,-0.206212183,-0.216818785,-0.190494084
ATT-weighted,289,-0.205160931,-0.215461854,-0.190099369
ATT-weighted,290,-0.204891865,-0.215537175,-0.189571184
ATT-weighted,291,-0.203728137,-0.214345447,-0.188343604
ATT-weighted,292,-0.20461093,-0.2157619,-0.189827607
ATT-weighted,293,-0.203398588,-0.215055448,-0.188452163
ATT-weighted,294,-0.201880425,-0.21313875,-0.18719854
ATT-weighted,295,-0.202257894,-0.213197928,-0.188521922
ATT-weighted,296,-0.201562516,-0.213146903,-0.188379952
ATT-weighted,297,-0.199871445,-0.210829189,-0.187372898
ATT-weighted,298,-0.198483936,-0.209643926,-0.185266731
ATT-weighted,299,-0.197652776,-0.208303605,-0.184483656
ATT-weighted,300,-0.197225429,-0.207422153,-0.183273962
ATT-weighted,301,-0.196049994,-0.207740954,-0.182113927
ATT-weighted,302,-0.195118677,-0.207435711,-0.180416538
ATT-weighted,303,-0.194100253,-0.206278115,-0.181059577
ATT-weighted,304,-0.193976699,-0.205728939,-0.181460022
ATT-weighted,305,-0.193832929,-0.205625302,-0.181510811
ATT-weighted,306,-0.192600794,-0.205376895,-0.180523983
ATT-weighted,307,-0.191742943,-0.204564335,-0.179690255
ATT-weighted,308,-0.190923159,-0.203784127,-0.179233559
ATT-weighted,309,-0.18928118,-0.202776968,-0.176525585
ATT-weighted,310,-0.188857799,-0.202258064,-0.175966241
ATT-weighted,311,-0.187454941,-0.200407797,-0.175533268
ATT-weighted,312,-0.187388438,-0.200945964,-0.17615468
ATT-weighted,313,-0.186842264,-0.199587099,-0.176210124
ATT-weighted,314,-0.186087243,-0.199033463,-0.175550048
ATT-weighted,315,-0.184618695,-0.196443306,-0.174572815
ATT-weighted,316,-0.18228069,-0.193963477,-0.171659062
ATT-weighted,317,-0.181231331,-0.192720246,-0.170977661
ATT-weighted,318,-0.180844176,-0.191447032,-0.170353446
ATT-weighted,319,-0.179220024,-0.191331205,-0.168952786
ATT-weighted,320,-0.178438026,-0.190342873,-0.16809008
ATT-weighted,321,-0.178722447,-0.190434381,-0.167368638
ATT-weighted,322,-0.177516346,-0.189171786,-0.165701799
ATT-weighted,323,-0.174698835,-0.187267885,-0.163938606
ATT-weighted,324,-0.175406868,-0.186981105,-0.163414125
ATT-weighted,325,-0.174984464,-0.186724051,-0.163533434
ATT-weighted,326,-0.174055378,-0.185748757,-0.161882728
ATT-weighted,327,-0.173079699,-0.184618239,-0.160404649
ATT-weighted,328,-0.172257784,-0.184616611,-0.159190423
ATT-weighted,329,-0.171449288,-0.183895918,-0.159319191
ATT-weighted,330,-0.170169771,-0.183058037,-0.157992803
ATT-weighted,331,-0.169958618,-0.182235292,-0.157192803
ATT-weighted,332,-0.169259564,-0.181884222,-0.156044405
ATT-weighted,333,-0.168427406,-0.180999607,-0.156142066
ATT-weighted,334,-0.167801698,-0.179971817,-0.153482572
ATT-weighted,335,-0.167385528,-0.179162822,-0.153023346
ATT-weighted,336,-0.166957589,-0.179253025,-0.152936603
ATT-weighted,337,-0.165262655,-0.176937274,-0.1512338
ATT-weighted,338,-0.164256766,-0.175487494,-0.150177797
ATT-weighted,339,-0.162888561,-0.174126572,-0.149407916
ATT-weighted,340,-0.161393501,-0.174238696,-0.147930949
ATT-weighted,341,-0.160812192,-0.173361164,-0.147236644
ATT-weighted,342,-0.160239774,-0.172680257,-0.14646134
ATT-weighted,343,-0.159048238,-0.170644795,-0.144870036
ATT-weighted,344,-0.159210498,-0.170963356,-0.145668784
ATT-weighted,345,-0.158360637,-0.170581329,-0.144969278
ATT-weighted,346,-0.156791369,-0.169264132,-0.143863962
ATT-weighted,347,-0.155525516,-0.168139006,-0.142968726
ATT-weighted,348,-0.154474123,-0.166312208,-0.142436791
ATT-weighted,349,-0.153224466,-0.165053957,-0.140939076
ATT-weighted,350,-0.151613903,-0.163616151,-0.138572171
ATT-weighted,351,-0.150750007,-0.162221175,-0.13824482
ATT-weighted,352,-0.150226658,-0.161720653,-0.137096876
ATT-weighted,353,-0.148465034,-0.159354034,-0.136511209
ATT-weighted,354,-0.147253704,-0.15821253,-0.134311209
ATT-weighted,355,-0.145841278,-0.15660153,-0.133892969
ATT-weighted,356,-0.14580487,-0.156503005,-0.133774826
ATT-weighted,357,-0.145377158,-0.155936501,-0.132822925
ATT-weighted,358,-0.143490963,-0.154874192,-0.131643383
ATT-weighted,359,-0.144215045,-0.155050727,-0.13261544
ATT-weighted,360,-0.143013825,-0.15441523,-0.132157156
ATT-weighted,361,-0.141106636,-0.152442116,-0.130279012
ATT-weighted,362,-0.140031367,-0.150953588,-0.129496181
ATT-weighted,363,-0.138453636,-0.149226802,-0.12771221
ATT-weighted,364,-0.137005012,-0.147268657,-0.125918202
ATT-weighted,365,-0.136350688,-0.147062,-0.125229911
Matched,1,-0.000799201,-0.002035002,0.0005967774
Matched,2,-0.0003996,-0.001831502,0.0008088979
Matched,3,-0.0003996,-0.001831502,0.0008088979
Matched,4,-0.0003996,-0.001831502,0.0008088979
Matched,5,-0.0001998,-0.001798921,0.0013869626
Matched,6,-0.0001998,-0.002748871,0.0012128563
Matched,7,-0.0001998,-0.004544556,0.0014230535
Matched,8,0.0001998002,-0.004144464,0.0017964072
Matched,9,0.0001998002,-0.005184447,0.0017946162
Matched,10,0.0007992008,-0.004785643,0.0026026026
Matched,11,0.000999001,-0.004386839,0.003003003
Matched,12,-0.000999001,-0.005982054,0.0021947326
Matched,13,-0.000599401,-0.006283134,0.0024135157
Matched,14,-0.000599401,-0.006479482,0.0024024024
Matched,15,-0.000799201,-0.007796881,0.0029574132
Matched,16,-0.0003996,-0.008296236,0.0024024024
Matched,17,-0.002397602,-0.010404162,0.0009966115
Matched,18,-0.002597403,-0.011229196,0.0008045052
Matched,19,-0.003396603,-0.012762615,-2.22045E-16
Matched,20,-0.005194805,-0.014771348,-0.00120048
Matched,21,-0.005994006,-0.016006403,-0.00180072
Matched,22,-0.006593407,-0.017604209,-0.003189157
Matched,23,-0.007392607,-0.018060463,-0.003831418
Matched,24,-0.008991009,-0.018761348,-0.003548896
Matched,25,-0.011188811,-0.022078185,-0.004204204
Matched,26,-0.010789211,-0.023090946,-0.005427136
Matched,27,-0.012387612,-0.025620655,-0.007498987
Matched,28,-0.014385614,-0.026023805,-0.007972892
Matched,29,-0.014385614,-0.027805362,-0.008692137
Matched,30,-0.014385614,-0.028762406,-0.008608609
Matched,31,-0.015584416,-0.031182159,-0.009463722
Matched,32,-0.016983017,-0.032692689,-0.010309278
Matched,33,-0.019380619,-0.035664751,-0.012908431
Matched,34,-0.018781219,-0.03694141,-0.012815457
Matched,35,-0.01958042,-0.039825639,-0.013745704
Matched,36,-0.021578422,-0.041051567,-0.015160703
Matched,37,-0.022777223,-0.041523192,-0.014958561
Matched,38,-0.024175824,-0.044462247,-0.016269841
Matched,39,-0.026173826,-0.045880914,-0.018650794
Matched,40,-0.027572428,-0.046760452,-0.019001415
Matched,41,-0.02997003,-0.046288744,-0.022033556
Matched,42,-0.030769231,-0.046665331,-0.021808723
Matched,43,-0.034965035,-0.049336239,-0.022033556
Matched,44,-0.035564436,-0.050723202,-0.023412698
Matched,45,-0.03976024,-0.057292717,-0.02674772
Matched,46,-0.040559441,-0.057836198,-0.027405363
Matched,47,-0.042957043,-0.058704862,-0.027627628
Matched,48,-0.043156843,-0.059955439,-0.027227227
Matched,49,-0.044955045,-0.059858443,-0.028486647
Matched,50,-0.045554446,-0.063296259,-0.02962963
Matched,51,-0.045954046,-0.063404002,-0.030800405
Matched,52,-0.048151848,-0.065385377,-0.032571996
Matched,53,-0.052347652,-0.070757545,-0.033839919
Matched,54,-0.05954046,-0.079107505,-0.038368823
Matched,55,-0.06033966,-0.077856421,-0.037565287
Matched,56,-0.063736264,-0.081496461,-0.041382081
Matched,57,-0.064535465,-0.08215071,-0.042386501
Matched,58,-0.066533467,-0.08454927,-0.045399759
Matched,59,-0.067532468,-0.085743175,-0.044997991
Matched,60,-0.069330669,-0.086754297,-0.047438708
Matched,61,-0.071928072,-0.086552073,-0.049631254
Matched,62,-0.071328671,-0.087231103,-0.050627865
Matched,63,-0.06993007,-0.090314914,-0.050255202
Matched,64,-0.073726274,-0.094474153,-0.055062525
Matched,65,-0.075324675,-0.096056623,-0.055455455
Matched,66,-0.075324675,-0.098887765,-0.055948174
Matched,67,-0.078921079,-0.100060766,-0.055465914
Matched,68,-0.07992008,-0.100668422,-0.055359246
Matched,69,-0.080519481,-0.103611604,-0.056537102
Matched,70,-0.085114885,-0.109334912,-0.0606596
Matched,71,-0.087912088,-0.109926978,-0.064389478
Matched,72,-0.090909091,-0.113874087,-0.069493522
Matched,73,-0.091708292,-0.113479376,-0.06817265
Matched,74,-0.093906094,-0.117492417,-0.072609923
Matched,75,-0.094505495,-0.118745036,-0.072691162
Matched,76,-0.097702298,-0.123709293,-0.075718016
Matched,77,-0.100699301,-0.124728636,-0.078128138
Matched,78,-0.103096903,-0.127607859,-0.08335007
Matched,79,-0.105894106,-0.131531168,-0.085358506
Matched,80,-0.10989011,-0.134089528,-0.088942794
Matched,81,-0.111288711,-0.13710819,-0.092985648
Matched,82,-0.113086913,-0.13892821,-0.094032195
Matched,83,-0.116483516,-0.141306493,-0.097960816
Matched,84,-0.12007992,-0.145705824,-0.099900695
Matched,85,-0.120679321,-0.146495558,-0.101159536
Matched,86,-0.125074925,-0.149028078,-0.106653426
Matched,87,-0.126873127,-0.152758688,-0.108043694
Matched,88,-0.127672328,-0.155651154,-0.110025912
Matched,89,-0.128871129,-0.156489299,-0.110029791
Matched,90,-0.131468531,-0.15923817,-0.109632572
Matched,91,-0.138261738,-0.165037153,-0.113562753
Matched,92,-0.139260739,-0.162629071,-0.112816424
Matched,93,-0.138261738,-0.161437649,-0.112348178
Matched,94,-0.142257742,-0.165409055,-0.113554578
Matched,95,-0.145254745,-0.16673428,-0.114754098
Matched,96,-0.155244755,-0.172467736,-0.1237505
Matched,97,-0.154245754,-0.172272194,-0.126315789
Matched,98,-0.158041958,-0.17573471,-0.129149798
Matched,99,-0.162037962,-0.181691819,-0.134061569
Matched,100,-0.162637363,-0.185663225,-0.134222761
Matched,101,-0.163636364,-0.184670373,-0.135031332
Matched,102,-0.164235764,-0.186060365,-0.136244188
Matched,103,-0.166833167,-0.188244639,-0.140721547
Matched,104,-0.168431568,-0.191223193,-0.141708543
Matched,105,-0.168831169,-0.194777145,-0.143312737
Matched,106,-0.174425574,-0.198570294,-0.14816286
Matched,107,-0.175224775,-0.198880672,-0.147537688
Matched,108,-0.178421578,-0.200608519,-0.149093084
Matched,109,-0.178221778,-0.201079352,-0.151356784
Matched,110,-0.18021978,-0.205107418,-0.153036437
Matched,111,-0.182817183,-0.207134171,-0.156660602
Matched,112,-0.185414585,-0.208168121,-0.157357357
Matched,113,-0.189210789,-0.209895936,-0.160121457
Matched,114,-0.191208791,-0.212472516,-0.161680206
Matched,115,-0.196603397,-0.217869278,-0.168035249
Matched,116,-0.198001998,-0.216470118,-0.167426194
Matched,117,-0.1998002,-0.217875963,-0.168218744
Matched,118,-0.202597403,-0.218279144,-0.169605706
Matched,119,-0.204195804,-0.221524118,-0.170001981
Matched,120,-0.208591409,-0.222443295,-0.172613115
Matched,121,-0.210989011,-0.228588422,-0.1750499
Matched,122,-0.212787213,-0.23226591,-0.177644711
Matched,123,-0.213186813,-0.232468585,-0.179095477
Matched,124,-0.216183816,-0.237535468,-0.182875476
Matched,125,-0.218381618,-0.238360525,-0.184858802
Matched,126,-0.218381618,-0.236569837,-0.184780449
Matched,127,-0.217982018,-0.236768802,-0.184630739
Matched,128,-0.217582418,-0.237564664,-0.187061887
Matched,129,-0.219180819,-0.23816156,-0.1885589
Matched,130,-0.22037962,-0.240526212,-0.189145729
Matched,131,-0.221178821,-0.242096996,-0.190620578
Matched,132,-0.222377622,-0.241507952,-0.189954156
Matched,133,-0.223176823,-0.244060475,-0.190954774
Matched,134,-0.225174825,-0.244021078,-0.191797107
Matched,135,-0.224375624,-0.244052339,-0.193342635
Matched,136,-0.226973027,-0.24985009,-0.196300716
Matched,137,-0.225774226,-0.249695493,-0.196698488
Matched,138,-0.226373626,-0.251271021,-0.197494033
Matched,139,-0.225174825,-0.248533438,-0.19610183
Matched,140,-0.227572428,-0.24965021,-0.200598205
Matched,141,-0.227572428,-0.25064961,-0.20040201
Matched,142,-0.22997003,-0.251586043,-0.199800598
Matched,143,-0.230969031,-0.253772836,-0.201595214
Matched,144,-0.23016983,-0.253568596,-0.201794616
Matched,145,-0.231568432,-0.2545676,-0.202112816
Matched,146,-0.236363636,-0.258045173,-0.204504684
Matched,147,-0.239360639,-0.260443734,-0.206261145
Matched,148,-0.237962038,-0.260843494,-0.208440658
Matched,149,-0.243156843,-0.26300352,-0.212601545
Matched,150,-0.246353646,-0.26535002,-0.214356929
Matched,151,-0.245954046,-0.265741103,-0.213559322
Matched,152,-0.248551449,-0.269996021,-0.216151545
Matched,153,-0.247752248,-0.269065311,-0.214914034
Matched,154,-0.246553447,-0.268834259,-0.217158708
Matched,155,-0.247352647,-0.271216269,-0.220923321
Matched,156,-0.246353646,-0.271998436,-0.219932633
Matched,157,-0.248751249,-0.273394132,-0.221734796
Matched,158,-0.248951049,-0.274635219,-0.225324028
Matched,159,-0.25014985,-0.273036178,-0.227028104
Matched,160,-0.252147852,-0.275909269,-0.230907278
Matched,161,-0.252347652,-0.27610481,-0.230292117
Matched,162,-0.252547453,-0.275373878,-0.232160804
Matched,163,-0.253546454,-0.280146163,-0.233509772
Matched,164,-0.255544456,-0.282557685,-0.235694278
Matched,165,-0.255544456,-0.28431756,-0.235294118
Matched,166,-0.258341658,-0.282362143,-0.235981771
Matched,167,-0.25954046,-0.284904185,-0.237216764
Matched,168,-0.258741259,-0.284708643,-0.235011029
Matched,169,-0.25954046,-0.285295268,-0.239095638
Matched,170,-0.26013986,-0.284122018,-0.239695878
Matched,171,-0.259340659,-0.28356998,-0.240896359
Matched,172,-0.261938062,-0.284989858,-0.242296919
Matched,173,-0.261538462,-0.286674575,-0.242229797
Matched,174,-0.262337662,-0.284787018,-0.242209632
Matched,175,-0.263536464,-0.285311304,-0.243432926
Matched,176,-0.264335664,-0.286721741,-0.243232404
Matched,177,-0.265334665,-0.290751562,-0.245041074
Matched,178,-0.264735265,-0.290953053,-0.241835304
Matched,179,-0.262337662,-0.291557526,-0.239823541
Matched,180,-0.261538462,-0.290953053,-0.239721946
Matched,181,-0.263136863,-0.290751562,-0.240317776
Matched,182,-0.260539461,-0.287729196,-0.238331678
Matched,183,-0.260939061,-0.289437315,-0.237592187
Matched,184,-0.264135864,-0.286080948,-0.23737785
Matched,185,-0.264935065,-0.285093781,-0.237227009
Matched,186,-0.266333666,-0.281934847,-0.237791509
Matched,187,-0.266533467,-0.283048829,-0.235824484
Matched,188,-0.267732268,-0.284438269,-0.238133387
Matched,189,-0.268931069,-0.283048829,-0.238333667
Matched,190,-0.265934066,-0.280157947,-0.235598964
Matched,191,-0.266133866,-0.28213228,-0.236156352
Matched,192,-0.264335664,-0.281145114,-0.23534202
Matched,193,-0.265134865,-0.282056372,-0.238333667
Matched,194,-0.264935065,-0.282922014,-0.238934508
Matched,195,-0.267332667,-0.284849707,-0.240024063
Matched,196,-0.268931069,-0.283842795,-0.240431596
Matched,197,-0.268731269,-0.284422111,-0.241042345
Matched,198,-0.26973027,-0.286628023,-0.242575244
Matched,199,-0.269330669,-0.288826704,-0.244235011
Matched,200,-0.269330669,-0.289026584,-0.243432926
Matched,201,-0.267932068,-0.289026584,-0.242375922
Matched,202,-0.266133866,-0.285828503,-0.2421766
Matched,203,-0.265934066,-0.285428743,-0.243031883
Matched,204,-0.264735265,-0.285,-0.239221977
Matched,205,-0.264535465,-0.285,-0.239784732
Matched,206,-0.266333666,-0.2866,-0.241179988
Matched,207,-0.263936064,-0.2854,-0.238620413
Matched,208,-0.263736264,-0.2844,-0.236359935
Matched,209,-0.265334665,-0.2854,-0.236767101
Matched,210,-0.265534466,-0.2854,-0.239386087
Matched,211,-0.263736264,-0.2826,-0.235749186
Matched,212,-0.262737263,-0.281954138,-0.234527687
Matched,213,-0.264535465,-0.284346959,-0.23737785
Matched,214,-0.265934066,-0.285144566,-0.238557559
Matched,215,-0.265934066,-0.283150548,-0.240158259
Matched,216,-0.264535465,-0.282751745,-0.238133387
Matched,217,-0.262137862,-0.278592965,-0.23452834
Matched,218,-0.261938062,-0.281754736,-0.233326657
Matched,219,-0.261938062,-0.280957129,-0.232373386
Matched,220,-0.261538462,-0.280159521,-0.233604121
Matched,221,-0.260739261,-0.280558325,-0.232571996
Matched,222,-0.26033966,-0.283549352,-0.232415296
Matched,223,-0.261938062,-0.282166601,-0.233802259
Matched,224,-0.26033966,-0.281355932,-0.233727218
Matched,225,-0.257942058,-0.280201005,-0.231226471
Matched,226,-0.257742258,-0.278255768,-0.231226471
Matched,227,-0.255944056,-0.2777667,-0.22939424
Matched,228,-0.255944056,-0.277367896,-0.230585899
Matched,229,-0.254545455,-0.275127102,-0.230723012
Matched,230,-0.253946054,-0.277788945,-0.231092437
Matched,231,-0.251348651,-0.273567839,-0.230892357
Matched,232,-0.249350649,-0.272382851,-0.229277943
Matched,233,-0.247552448,-0.271155779,-0.226904055
Matched,234,-0.245554446,-0.270351759,-0.225890356
Matched,235,-0.245154845,-0.268944724,-0.225787046
Matched,236,-0.244755245,-0.268542714,-0.225876758
Matched,237,-0.244755245,-0.268944724,-0.226226226
Matched,238,-0.243556444,-0.26779661,-0.225586525
Matched,239,-0.243156843,-0.267135678,-0.223581311
Matched,240,-0.241558442,-0.266799601,-0.223581311
Matched,241,-0.239360639,-0.26440678,-0.223083197
Matched,242,-0.239160839,-0.264805583,-0.223593687
Matched,243,-0.237762238,-0.264606181,-0.220450468
Matched,244,-0.238161838,-0.26440678,-0.220649791
Matched,245,-0.237762238,-0.26221336,-0.218058601
Matched,246,-0.235364635,-0.260817547,-0.216464022
Matched,247,-0.233366633,-0.258939333,-0.215560457
Matched,248,-0.232767233,-0.25773403,-0.214470799
Matched,249,-0.231768232,-0.256430708,-0.214357329
Matched,250,-0.23036963,-0.256126959,-0.211515152
Matched,251,-0.23036963,-0.256281407,-0.212352116
Matched,252,-0.229370629,-0.254684667,-0.213939394
Matched,253,-0.230769231,-0.25347572,-0.213295269
Matched,254,-0.228171828,-0.253467337,-0.210644372
Matched,255,-0.227772228,-0.250653266,-0.211480965
Matched,256,-0.227372627,-0.250251256,-0.210707071
Matched,257,-0.225574426,-0.247028007,-0.209420881
Matched,258,-0.222777223,-0.244005642,-0.206566069
Matched,259,-0.220979021,-0.24361809,-0.205087122
Matched,260,-0.220979021,-0.24241206,-0.206191825
Matched,261,-0.21978022,-0.241587749,-0.206191825
Matched,262,-0.218381618,-0.241762684,-0.205841446
Matched,263,-0.216583417,-0.241560542,-0.203930219
Matched,264,-0.214785215,-0.24040201,-0.20269168
Matched,265,-0.214185814,-0.23839196,-0.202710783
Matched,266,-0.211988012,-0.236180905,-0.202424242
Matched,267,-0.212387612,-0.236582915,-0.202222222
Matched,268,-0.210589411,-0.234889832,-0.2002002
Matched,269,-0.209190809,-0.234267154,-0.198787879
Matched,270,-0.206793207,-0.2318311,-0.196796797
Matched,271,-0.205794206,-0.23000406,-0.196074464
Matched,272,-0.205594406,-0.230738119,-0.196276811
Matched,273,-0.206393606,-0.230846978,-0.19596248
Matched,274,-0.207992008,-0.232034105,-0.1978939
Matched,275,-0.205194805,-0.232160804,-0.19553518
Matched,276,-0.205994006,-0.230351759,-0.193923328
Matched,277,-0.207792208,-0.231557789,-0.193311582
Matched,278,-0.206593407,-0.23110668,-0.193515498
Matched,279,-0.205594406,-0.229145729,-0.192699837
Matched,280,-0.203996004,-0.227318046,-0.192903752
Matched,281,-0.204795205,-0.227135678,-0.193923328
Matched,282,-0.203796204,-0.224789072,-0.193593594
Matched,283,-0.204795205,-0.225326633,-0.193311582
Matched,284,-0.204195804,-0.223637087,-0.191791792
Matched,285,-0.202197802,-0.221750556,-0.19039039
Matched,286,-0.203996004,-0.221176942,-0.189064691
Matched,287,-0.202397602,-0.221477873,-0.188463849
Matched,288,-0.201598402,-0.218838814,-0.185385385
Matched,289,-0.2003996,-0.218066057,-0.185185185
Matched,290,-0.200599401,-0.217101273,-0.183583584
Matched,291,-0.198801199,-0.215372298,-0.182382382
Matched,292,-0.200799201,-0.216494845,-0.183383383
Matched,293,-0.199200799,-0.216151065,-0.182382382
Matched,294,-0.197602398,-0.214945761,-0.180980981
Matched,295,-0.198601399,-0.214118107,-0.182504078
Matched,296,-0.197602398,-0.21568244,-0.182300163
Matched,297,-0.196003996,-0.213922566,-0.181280587
Matched,298,-0.194405594,-0.212162691,-0.17903752
Matched,299,-0.193406593,-0.211731619,-0.177814029
Matched,300,-0.193206793,-0.210402816,-0.177610114
Matched,301,-0.192007992,-0.210306407,-0.176386623
Matched,302,-0.19020979,-0.208515718,-0.175375375
Matched,303,-0.189410589,-0.208040201,-0.173057818
Matched,304,-0.189410589,-0.208718361,-0.175163132
Matched,305,-0.189010989,-0.209034024,-0.175774878
Matched,306,-0.187612388,-0.206883066,-0.174551387
Matched,307,-0.186613387,-0.205184447,-0.173327896
Matched,308,-0.186213786,-0.204901567,-0.172194638
Matched,309,-0.184815185,-0.204536411,-0.172615447
Matched,310,-0.183816184,-0.204221106,-0.171002218
Matched,311,-0.182617383,-0.20241206,-0.169590643
Matched,312,-0.182017982,-0.202211055,-0.17020854
Matched,313,-0.181618382,-0.201352965,-0.168619662
Matched,314,-0.181018981,-0.201687425,-0.167618271
Matched,315,-0.181218781,-0.199392713,-0.167977415
Matched,316,-0.179020979,-0.197267979,-0.165171289
Matched,317,-0.178421578,-0.195861792,-0.164559543
Matched,318,-0.177422577,-0.195582969,-0.164029641
Matched,319,-0.175624376,-0.193154524,-0.162936076
Matched,320,-0.174425574,-0.192583732,-0.162097735
Matched,321,-0.175024975,-0.19238437,-0.162065541
Matched,322,-0.174025974,-0.191188198,-0.162328631
Matched,323,-0.174025974,-0.188893234,-0.158553547
Matched,324,-0.173626374,-0.188596491,-0.158752235
Matched,325,-0.172627373,-0.188502151,-0.158752235
Matched,326,-0.172227772,-0.188397129,-0.156765349
Matched,327,-0.171628372,-0.187234043,-0.157361415
Matched,328,-0.170629371,-0.186004785,-0.157162726
Matched,329,-0.17042957,-0.186018237,-0.156964037
Matched,330,-0.17042957,-0.1852077,-0.15656666
Matched,331,-0.16963037,-0.184802432,-0.155970594
Matched,332,-0.168831169,-0.184615385,-0.154778462
Matched,333,-0.168031968,-0.183603239,-0.154977151
Matched,334,-0.167632368,-0.182776089,-0.153353353
Matched,335,-0.167032967,-0.182168186,-0.15358633
Matched,336,-0.166233766,-0.181578947,-0.152450091
Matched,337,-0.164435564,-0.17855003,-0.151441823
Matched,338,-0.164435564,-0.178150589,-0.151038516
Matched,339,-0.163236763,-0.178229665,-0.149413868
Matched,340,-0.161438561,-0.175637959,-0.147226754
Matched,341,-0.16023976,-0.176435407,-0.147430669
Matched,342,-0.158641359,-0.175683891,-0.145241407
Matched,343,-0.157642358,-0.174242424,-0.145638784
Matched,344,-0.157842158,-0.174043062,-0.145745746
Matched,345,-0.156843157,-0.173454914,-0.144344344
Matched,346,-0.155044955,-0.171631206,-0.14233279
Matched,347,-0.153446553,-0.169163172,-0.141341341
Matched,348,-0.153046953,-0.168643216,-0.14034034
Matched,349,-0.151848152,-0.167437186,-0.138938939
Matched,350,-0.15024975,-0.16507177,-0.137575758
Matched,351,-0.149450549,-0.163875598,-0.135807504
Matched,352,-0.14965035,-0.16321608,-0.134934935
Matched,353,-0.147852148,-0.161296859,-0.133897963
Matched,354,-0.146253746,-0.159675785,-0.132727273
Matched,355,-0.144855145,-0.158662614,-0.131525285
Matched,356,-0.145054945,-0.158054711,-0.131117455
Matched,357,-0.144855145,-0.157478719,-0.131134512
Matched,358,-0.142657343,-0.155654641,-0.127955494
Matched,359,-0.142257742,-0.156870693,-0.13010101
Matched,360,-0.142257742,-0.156465343,-0.12969697
Matched,361,-0.13966034,-0.153830563,-0.127308838
Matched,362,-0.138661339,-0.152722178,-0.127160739
Matched,363,-0.138061938,-0.151120897,-0.126315789
Matched,364,-0.136063936,-0.150079302,-0.123535253
Matched,365,-0.135264735,-0.149286281,-0.122740814
Original,1,-7.200023E-7,-0.000807377,0.0007906881
Original,2,0.0003985613,-0.000593029,0.0010175165
Original,3,0.0003985613,-0.000593029,0.0010175165
Original,4,0.0003985613,-0.000593029,0.0010175165
Original,5,0.0005982019,-0.000401922,0.0015844964
Original,6,-2.880009E-6,-0.001001962,0.0013690361
Original,7,0.0001960406,-0.001682365,0.0011988802
Original,8,0.0005953219,-0.001241734,0.0016146037
Original,9,0.0003949613,-0.001935818,0.0015731693
Original,10,0.0009938832,-0.00141902,0.0022082872
Original,11,-8.640028E-6,-0.001691811,0.0018343696
Original,12,-0.000209721,-0.002245377,0.0015452684
Original,13,-0.001012603,-0.002993197,0.0010034804
Original,14,-0.001014763,-0.003621449,0.0009778088
Original,15,-0.000616922,-0.003675045,0.0012048004
Original,16,-0.001620165,-0.00467387,0.0007171425
Original,17,-0.00302341,-0.006390402,-0.000648287
Original,18,-0.003425571,-0.006835827,-0.000826251
Original,19,-0.004229174,-0.008211794,-0.001365804
Original,20,-0.004632055,-0.008292064,-0.001806838
Original,21,-0.005035656,-0.008986923,-0.002084616
Original,22,-0.005238177,-0.009148107,-0.001598273
Original,23,-0.005240337,-0.009385243,-0.001743237
Original,24,-0.006645742,-0.010578057,-0.00270559
Original,25,-0.007652585,-0.01188231,-0.003815836
Original,26,-0.007256904,-0.011479718,-0.003383561
Original,27,-0.00926123,-0.014946136,-0.004963405
Original,28,-0.010664475,-0.015755306,-0.006001522
Original,29,-0.010670235,-0.016156793,-0.006583761
Original,30,-0.011277077,-0.016784574,-0.006618481
Original,31,-0.012082119,-0.018635826,-0.00697001
Original,32,-0.014087886,-0.020385268,-0.009579842
Original,33,-0.015091129,-0.021549428,-0.008978321
Original,34,-0.015097609,-0.022079499,-0.01000677
Original,35,-0.016302653,-0.023637831,-0.010511641
Original,36,-0.017306616,-0.024429827,-0.010704766
Original,37,-0.017514177,-0.024910567,-0.010644509
Original,38,-0.018921021,-0.025549579,-0.011988403
Original,39,-0.020727147,-0.027740067,-0.013741553
Original,40,-0.020734347,-0.027953872,-0.01407588
Original,41,-0.020942628,-0.029375062,-0.013916196
Original,42,-0.021349829,-0.030260918,-0.014524197
Original,43,-0.022556313,-0.031434885,-0.014929318
Original,44,-0.022360272,-0.031421105,-0.014917473
Original,45,-0.025367122,-0.034513374,-0.017958428
Original,46,-0.026172165,-0.035476253,-0.018144207
Original,47,-0.025777924,-0.035625296,-0.01750632
Original,48,-0.025782964,-0.036050288,-0.017070062
Original,49,-0.026391246,-0.036059888,-0.017643169
Original,50,-0.027199168,-0.037069974,-0.018226413
Original,51,-0.027605649,-0.037277175,-0.018212796
Original,52,-0.02781393,-0.038484862,-0.018026474
Original,53,-0.029624376,-0.040229371,-0.020581187
Original,54,-0.032832306,-0.043709852,-0.02360902
Original,55,-0.033039867,-0.043395141,-0.02456608
Original,56,-0.034649952,-0.045119211,-0.025356722
Original,57,-0.035056434,-0.045941065,-0.025709889
Original,58,-0.03706508,-0.048445939,-0.027863859
Original,59,-0.038073363,-0.049784539,-0.028709764
Original,60,-0.039280567,-0.051923283,-0.029303171
Original,61,-0.040889932,-0.053759176,-0.030681476
Original,62,-0.041696415,-0.05448767,-0.031115341
Original,63,-0.042706858,-0.05630699,-0.031707063
Original,64,-0.044518024,-0.05938591,-0.032897707
Original,65,-0.045328107,-0.059887905,-0.033285468
Original,66,-0.045940709,-0.061709971,-0.033274668
Original,67,-0.047152233,-0.063843442,-0.0335171
Original,68,-0.047560874,-0.064056601,-0.033707606
Original,69,-0.047771315,-0.064771575,-0.033903439
Original,70,-0.050182123,-0.065834026,-0.035987792
Original,71,-0.051191126,-0.067887221,-0.037102939
Original,72,-0.054799058,-0.071425631,-0.039746022
Original,73,-0.054409136,-0.071996365,-0.039632132
Original,74,-0.056019942,-0.073395281,-0.040969065
Original,75,-0.057030385,-0.074101921,-0.042740259
Original,76,-0.059641553,-0.077253994,-0.044063131
Original,77,-0.060851637,-0.079404273,-0.045501287
Original,78,-0.063665326,-0.081349377,-0.049357
Original,79,-0.066672176,-0.083358084,-0.052750171
Original,80,-0.069682626,-0.086451461,-0.054737937
Original,81,-0.072694516,-0.087817415,-0.056477582
Original,82,-0.074304601,-0.089957373,-0.059066679
Original,83,-0.075116843,-0.090672267,-0.059648483
Original,84,-0.077732332,-0.093912348,-0.065043403
Original,85,-0.078741335,-0.095532388,-0.065476772
Original,86,-0.081955026,-0.100374509,-0.06789096
Original,87,-0.083966552,-0.100599515,-0.068570024
Original,88,-0.084976275,-0.101833546,-0.069153907
Original,89,-0.084385993,-0.099602365,-0.068150723
Original,90,-0.085998959,-0.102235401,-0.068377366
Original,91,-0.088607247,-0.103714593,-0.072596861
Original,92,-0.089021648,-0.105957649,-0.072144185
Original,93,-0.088631727,-0.10558564,-0.073073854
Original,94,-0.090441453,-0.106386873,-0.075870343
Original,95,-0.092256939,-0.108780971,-0.077955493
Original,96,-0.096069551,-0.113002873,-0.082215676
Original,97,-0.096677833,-0.11428036,-0.082138825
Original,98,-0.098491159,-0.115006451,-0.084365493
Original,99,-0.101101608,-0.116887488,-0.08602006
Original,100,-0.10171565,-0.117117131,-0.086836062
Original,101,-0.102125731,-0.117071166,-0.087444704
Original,102,-0.103138334,-0.11895556,-0.087459424
Original,103,-0.105552742,-0.121441766,-0.08949732
Original,104,-0.106565345,-0.12274384,-0.090320371
Original,105,-0.10817687,-0.123213604,-0.090343411
Original,106,-0.112192724,-0.128121686,-0.09338161
Original,107,-0.111804962,-0.127046489,-0.090799577
Original,108,-0.113221167,-0.128610512,-0.091436305
Original,109,-0.115231253,-0.131355675,-0.093186702
Original,110,-0.116847819,-0.132908465,-0.094570506
Original,111,-0.119059706,-0.134610611,-0.09575899
Original,112,-0.12027195,-0.136504751,-0.099942804
Original,113,-0.121085632,-0.138382808,-0.101904477
Original,114,-0.123301839,-0.141098536,-0.103908977
Original,115,-0.125712647,-0.14257116,-0.104495478
Original,116,-0.125118765,-0.142806042,-0.103494637
Original,117,-0.125332806,-0.141828111,-0.104889958
Original,118,-0.12654505,-0.143975092,-0.105885278
Original,119,-0.127557653,-0.145231287,-0.105881438
Original,120,-0.129170619,-0.14561662,-0.107278439
Original,121,-0.132184668,-0.149370287,-0.10987424
Original,122,-0.134999797,-0.152155463,-0.112349776
Original,123,-0.13581348,-0.152114854,-0.113664041
Original,124,-0.138624289,-0.155561222,-0.115260681
Original,125,-0.139841573,-0.15764954,-0.118626897
Original,126,-0.140057054,-0.156932047,-0.119662191
Original,127,-0.140472175,-0.159040657,-0.12189606
Original,128,-0.140286935,-0.160435738,-0.122925593
Original,129,-0.141497018,-0.160832138,-0.123543601
Original,130,-0.143711786,-0.163625899,-0.125170982
Original,131,-0.145521511,-0.16582338,-0.128600547
Original,132,-0.144536268,-0.165216299,-0.126427158
Original,133,-0.145745632,-0.16681342,-0.125245863
Original,134,-0.146360394,-0.16540946,-0.126073234
Original,135,-0.147174077,-0.1676067,-0.126900605
Original,136,-0.149785965,-0.170401181,-0.129531599
Original,137,-0.148400721,-0.167291197,-0.131372663
Original,138,-0.150012246,-0.169537507,-0.133458085
Original,139,-0.149225203,-0.167987831,-0.131329263
Original,140,-0.150838889,-0.169436902,-0.13224788
Original,141,-0.150854009,-0.171686013,-0.131391838
Original,142,-0.151866612,-0.170572261,-0.133474529
Original,143,-0.153877419,-0.171968542,-0.134688936
Original,144,-0.155093263,-0.173163982,-0.135165409
Original,145,-0.156105866,-0.174759423,-0.136530706
Original,146,-0.157717391,-0.175555343,-0.13894896
Original,147,-0.160334319,-0.178925638,-0.140751251
Original,148,-0.160348,-0.178969437,-0.1408213
Original,149,-0.163360609,-0.183044758,-0.145014275
Original,150,-0.165373576,-0.186218715,-0.147722238
Original,151,-0.165184015,-0.185387493,-0.147887246
Original,152,-0.167196262,-0.188753264,-0.148526173
Original,153,-0.167210662,-0.188118927,-0.149320174
Original,154,-0.167823984,-0.187771401,-0.149888384
Original,155,-0.16983551,-0.190516829,-0.151298307
Original,156,-0.16984487,-0.190314549,-0.151306627
Original,157,-0.172656399,-0.192360961,-0.154502162
Original,158,-0.17286828,-0.192926657,-0.152984076
Original,159,-0.174483405,-0.193919095,-0.15589862
Original,160,-0.174901407,-0.194383825,-0.156210852
Original,161,-0.176113651,-0.193378164,-0.157012584
Original,162,-0.176920133,-0.194103834,-0.157684897
Original,163,-0.180135264,-0.197509828,-0.161445311
Original,164,-0.181348228,-0.19968732,-0.162205855
Original,165,-0.180960466,-0.199621844,-0.161948735
Original,166,-0.180775226,-0.198346438,-0.161903933
Original,167,-0.181785669,-0.199704929,-0.163839779
Original,168,-0.182399711,-0.199053058,-0.163252898
Original,169,-0.184011236,-0.200774625,-0.164737429
Original,170,-0.185024559,-0.201495288,-0.166276906
Original,171,-0.185841122,-0.202030021,-0.16716717
Original,172,-0.186453004,-0.203292716,-0.16760799
Original,173,-0.185864162,-0.203237671,-0.167267814
Original,174,-0.18507496,-0.202974012,-0.165724584
Original,175,-0.186685765,-0.204922556,-0.169107674
Original,176,-0.186699445,-0.204450281,-0.16782262
Original,177,-0.18831313,-0.204183181,-0.170218781
Original,178,-0.187724288,-0.204727232,-0.168415781
Original,179,-0.18533796,-0.201577477,-0.16601098
Original,180,-0.183949116,-0.199233362,-0.163668188
Original,181,-0.186160283,-0.20206205,-0.16640234
Original,182,-0.183768915,-0.201015723,-0.163598979
Original,183,-0.183382594,-0.201400073,-0.163691135
Original,184,-0.183394114,-0.202196473,-0.163353666
Original,185,-0.182804552,-0.200793232,-0.161786378
Original,186,-0.183819316,-0.202188313,-0.163326803
Original,187,-0.183831556,-0.201984113,-0.162577019
Original,188,-0.186245243,-0.205579314,-0.165628916
Original,189,-0.187056046,-0.206482333,-0.168182841
Original,190,-0.185871882,-0.206561382,-0.16633655
Original,191,-0.187481967,-0.207221773,-0.170277944
Original,192,-0.187493487,-0.206281991,-0.169316913
Original,193,-0.188703571,-0.206887048,-0.16999253
Original,194,-0.189515094,-0.208413418,-0.171752016
Original,195,-0.190528417,-0.208973523,-0.172104433
Original,196,-0.19133994,-0.2094,-0.172138142
Original,197,-0.191755781,-0.210149628,-0.171975627
Original,198,-0.193168386,-0.2118,-0.173114083
Original,199,-0.195182072,-0.2142,-0.176125903
Original,200,-0.196196116,-0.215,-0.177721824
Original,201,-0.195804034,-0.215,-0.177718704
Original,202,-0.195014832,-0.212606516,-0.178314504
Original,203,-0.195422753,-0.2136,-0.178712104
Original,204,-0.193636067,-0.212026255,-0.176908384
Original,205,-0.192647944,-0.21116015,-0.173820472
Original,206,-0.193455867,-0.211709617,-0.175902983
Original,207,-0.192871345,-0.210674627,-0.176696744
Original,208,-0.192085022,-0.210131226,-0.174490863
Original,209,-0.193295106,-0.211649452,-0.175086903
Original,210,-0.193506987,-0.212487516,-0.175883767
Original,211,-0.191721021,-0.2112,-0.173984491
Original,212,-0.19133326,-0.211418982,-0.17337801
Original,213,-0.192943345,-0.213353216,-0.174970812
Original,214,-0.192554144,-0.212,-0.175165772
Original,215,-0.193163146,-0.211868436,-0.174759052
Original,216,-0.192771065,-0.210592282,-0.17335305
Original,217,-0.190781858,-0.209121339,-0.171546567
Original,218,-0.191792301,-0.2102,-0.17334153
Original,219,-0.191000939,-0.209625393,-0.172992877
Original,220,-0.19120994,-0.209464896,-0.173129769
Original,221,-0.192218223,-0.21033571,-0.173447302
Original,222,-0.192628304,-0.2106,-0.173286491
Original,223,-0.193437667,-0.2108,-0.173439862
Original,224,-0.192045942,-0.209916625,-0.172437822
Original,225,-0.190258536,-0.207785034,-0.170234341
Original,226,-0.189666815,-0.206230626,-0.170432541
Original,227,-0.188681571,-0.204919924,-0.168827021
Original,228,-0.189493094,-0.2052,-0.169623901
Original,229,-0.189101013,-0.204120299,-0.168796471
Original,230,-0.188910732,-0.2036,-0.168419341
Original,231,-0.187522608,-0.2016,-0.168415261
Original,232,-0.186733405,-0.2016,-0.16781274
Original,233,-0.186144563,-0.2012,-0.168607941
Original,234,-0.184952479,-0.198758138,-0.168260581
Original,235,-0.185761122,-0.1998,-0.169229684
Original,236,-0.185771922,-0.202339483,-0.168622243
Original,237,-0.185580201,-0.201510275,-0.168616963
Original,238,-0.184391717,-0.2006,-0.167894371
Original,239,-0.184401797,-0.200756692,-0.1673885
Original,240,-0.183014393,-0.198686041,-0.165394398
Original,241,-0.18222375,-0.198157856,-0.16538226
Original,242,-0.18223167,-0.198942749,-0.164780219
Original,243,-0.180242464,-0.195809944,-0.162576979
Original,244,-0.180047143,-0.195904896,-0.162775419
Original,245,-0.179654342,-0.196488946,-0.162037955
Original,246,-0.178065857,-0.195257004,-0.159449761
Original,247,-0.177874136,-0.195633491,-0.15856877
Original,248,-0.177482775,-0.195414167,-0.15954711
Original,249,-0.176687092,-0.195312805,-0.158543988
Original,250,-0.176298611,-0.193579695,-0.158986636
Original,251,-0.176506172,-0.194168785,-0.158798235
Original,252,-0.176714453,-0.193154487,-0.159206237
Original,253,-0.177123814,-0.194131824,-0.159431307
Original,254,-0.174931367,-0.192116669,-0.156886122
Original,255,-0.174942167,-0.190089753,-0.157233429
Original,256,-0.174950807,-0.190066233,-0.156245825
Original,257,-0.173956924,-0.189254458,-0.155252621
Original,258,-0.172165918,-0.186834256,-0.154661819
Original,259,-0.170973834,-0.185016584,-0.153271013
Original,260,-0.171381035,-0.185794757,-0.153878616
Original,261,-0.172589679,-0.189172137,-0.156290625
Original,262,-0.171997957,-0.188113146,-0.155103625
Original,263,-0.170207671,-0.186728414,-0.153014621
Original,264,-0.169215948,-0.18650909,-0.152816888
Original,265,-0.168823147,-0.186291446,-0.15253021
Original,266,-0.167429982,-0.183871243,-0.151121414
Original,267,-0.168038264,-0.185051104,-0.151719135
Original,268,-0.166444739,-0.182431738,-0.148316373
Original,269,-0.164850494,-0.179615716,-0.145714092
Original,270,-0.162856968,-0.178998918,-0.144430208
Original,271,-0.162663807,-0.178326738,-0.143426127
Original,272,-0.16347317,-0.179361964,-0.143106532
Original,273,-0.164081452,-0.178946837,-0.145014609
Original,274,-0.165090455,-0.179925854,-0.148408134
Original,275,-0.162497286,-0.175907303,-0.14560429
Original,276,-0.162906648,-0.177076477,-0.146799491
Original,277,-0.16351349,-0.178270385,-0.146797569
Original,278,-0.162720687,-0.176450752,-0.146268251
Original,279,-0.162128245,-0.176343641,-0.145089492
Original,280,-0.160936881,-0.176064803,-0.143886852
Original,281,-0.162141205,-0.177004842,-0.145085412
Original,282,-0.161349123,-0.176716583,-0.144282772
Original,283,-0.161357763,-0.176159467,-0.143880612
Original,284,-0.160164239,-0.174947686,-0.142078331
Original,285,-0.158972875,-0.173682946,-0.13987605
Original,286,-0.158381153,-0.173098345,-0.140672691
Original,287,-0.156784748,-0.173441186,-0.13867125
Original,288,-0.157193389,-0.171216717,-0.138675956
Original,289,-0.156599507,-0.170174791,-0.138433365
Original,290,-0.156606707,-0.170737459,-0.13919314
Original,291,-0.156215346,-0.170280204,-0.139332678
Original,292,-0.157822551,-0.171040696,-0.141292604
Original,293,-0.157027589,-0.17041642,-0.140667885
Original,294,-0.155834785,-0.169572318,-0.139920256
Original,295,-0.157243069,-0.170535035,-0.141886752
Original,296,-0.156848828,-0.170508632,-0.141048211
Original,297,-0.155253143,-0.168384147,-0.139935634
Original,298,-0.154057459,-0.167387535,-0.13824557
Original,299,-0.153460697,-0.166591606,-0.13764473
Original,300,-0.153465737,-0.166209111,-0.136843049
Original,301,-0.152874015,-0.165148345,-0.136240049
Original,302,-0.152482654,-0.165574761,-0.136328171
Original,303,-0.152089853,-0.164793933,-0.136835609
Original,304,-0.152095613,-0.164207111,-0.13783429
Original,305,-0.152499214,-0.164413119,-0.13843273
Original,306,-0.151705692,-0.163232276,-0.137189747
Original,307,-0.15111109,-0.164250313,-0.136817804
Original,308,-0.150716128,-0.162766987,-0.136181909
Original,309,-0.149322244,-0.161783587,-0.134861474
Original,310,-0.149327284,-0.162204084,-0.134700355
Original,311,-0.148332681,-0.160729386,-0.134051423
Original,312,-0.148738442,-0.162346244,-0.13395335
Original,313,-0.148746362,-0.160461613,-0.1347846
Original,314,-0.1481496,-0.160874429,-0.135420519
Original,315,-0.147357517,-0.159693817,-0.133204737
Original,316,-0.145565072,-0.156967993,-0.131732618
Original,317,-0.144768669,-0.156348118,-0.131707652
Original,318,-0.144772989,-0.155644633,-0.131854648
Original,319,-0.143580905,-0.155458585,-0.131982919
Original,320,-0.142985583,-0.155460025,-0.130948348
Original,321,-0.143588825,-0.155860985,-0.130705177
Original,322,-0.142594942,-0.154662105,-0.129666916
Original,323,-0.139800693,-0.152585332,-0.127222641
Original,324,-0.140803936,-0.152104876,-0.128201039
Original,325,-0.140808976,-0.153065464,-0.128754374
Original,326,-0.140415455,-0.152667064,-0.127391326
Original,327,-0.139821573,-0.151534508,-0.126389526
Original,328,-0.139225531,-0.151946674,-0.125588325
Original,329,-0.13883201,-0.151765671,-0.125786285
Original,330,-0.137835247,-0.151177063,-0.124785205
Original,331,-0.137637766,-0.150780097,-0.124384725
Original,332,-0.137241365,-0.150580854,-0.122983404
Original,333,-0.136845683,-0.149699601,-0.122781604
Original,334,-0.136450002,-0.150074664,-0.122405047
Original,335,-0.136855043,-0.150188573,-0.123153293
Original,336,-0.136659003,-0.150256771,-0.122768869
Original,337,-0.135466199,-0.148839106,-0.122589138
Original,338,-0.134670516,-0.148229855,-0.121206214
Original,339,-0.133675193,-0.147680904,-0.120424887
Original,340,-0.132281309,-0.145424435,-0.118660659
Original,341,-0.132086708,-0.144648407,-0.118685621
Original,342,-0.131692467,-0.144495527,-0.119113727
Original,343,-0.130497503,-0.143485303,-0.117730803
Original,344,-0.130901104,-0.143762576,-0.118348
Original,345,-0.130104702,-0.143955019,-0.118562053
Original,346,-0.128708657,-0.142088103,-0.117572913
Original,347,-0.127914414,-0.140257265,-0.11719473
Original,348,-0.127118732,-0.139960061,-0.115419248
Original,349,-0.126121969,-0.138290582,-0.114041545
Original,350,-0.124725924,-0.136695519,-0.113261864
Original,351,-0.124129162,-0.135701878,-0.112865903
Original,352,-0.124132762,-0.135709559,-0.112281904
Original,353,-0.122537077,-0.134018425,-0.110902027
Original,354,-0.121741394,-0.132629175,-0.110547261
Original,355,-0.120545711,-0.131750356,-0.108967497
Original,356,-0.120548591,-0.131320918,-0.108191896
Original,357,-0.12035183,-0.130696981,-0.107577185
Original,358,-0.118758305,-0.130014669,-0.106002812
Original,359,-0.119762988,-0.131421877,-0.107023138
Original,360,-0.118766225,-0.130427151,-0.106471277
Original,361,-0.1171727,-0.127434334,-0.103665174
Original,362,-0.116377737,-0.126656625,-0.103348472
Original,363,-0.114781332,-0.125649318,-0.101537917
Original,364,-0.113586368,-0.124036794,-0.099936236
Original,365,-0.113389607,-0.12462745,-0.100578993
